[
  {
    "year": 1850,
    "description": "Early settlement established, with primarily agricultural and trading activities.",
    "source": "ncert",
    "location": "India"
  },
  {
    "year": 1893,
    "description": "Railway connection established, bringing new commerce and population growth.",
    "source": "ncert",
    "location": "India"
  },
  {
    "year": 1937,
    "description": "Industrial development begins, transforming the local economy and landscape.",
    "source": "ncert",
    "location": "India"
  },
  {
    "year": 1981,
    "description": "Economic shifts lead to repurposing of industrial zones and cultural revival.",
    "source": "ncert",
    "location": "India"
  },
  {
    "year": 2025,
    "description": "Modern sustainable development initiatives and cultural preservation efforts.",
    "source": "ncert",
    "location": "India"
  }
]

